model,accuracy,macro_precision,macro_recall,macro_f1,source_run
baseline::svm_rbf,0.906875,0.9097388534356592,0.9068750000000001,0.9046885661224608,real_run
custom_cnn,0.7375,0.7533982504273066,0.7375,0.7332557657338097,real_run
transfer::resnet50_original,0.74875,0.7716224891494099,0.74875,0.7405016494427006,real_run
transfer::resnet50_tuned,0.84375,0.8519356687143831,0.84375,0.8402950844356462,real_run_tuned_fast
