{
  "split_stats": {
    "hamming_threshold": 5,
    "n_train": 5061,
    "n_val": 539,
    "n_test_official": 1600,
    "n_test_clean": 569,
    "test_dropped_as_leaked": 1031,
    "test_leaked_pct": 64.44
  },
  "models": {
    "custom_cnn": {
      "runs": [
        {
          "seed": 0,
          "official": {
            "accuracy": 0.8425,
            "macro_precision": 0.8603122787172892,
            "macro_recall": 0.8425,
            "macro_f1": 0.8356649021853808,
            "roc_auc_ovr_macro": 0.9552536458333334,
            "ece": 0.04001266609877353,
            "per_class_f1": {
              "glioma": 0.7519500780031201,
              "meningioma": 0.7671568627450981,
              "notumor": 0.888641425389755,
              "pituitary": 0.9349112426035503
            },
            "acc_ci95": [
              0.825,
              0.86
            ]
          },
          "clean": {
            "accuracy": 0.7486818980667839,
            "macro_precision": 0.7058877903652419,
            "macro_recall": 0.8020090174660067,
            "macro_f1": 0.6778569624556777,
            "roc_auc_ovr_macro": 0.9179596519461815,
            "ece": 0.10252426431132956,
            "per_class_f1": {
              "glioma": 0.6206896551724138,
              "meningioma": 0.7528089887640449,
              "notumor": 0.42105263157894735,
              "pituitary": 0.9168765743073047
            },
            "acc_ci95": [
              0.7118,
              0.7838
            ]
          }
        },
        {
          "seed": 1,
          "official": {
            "accuracy": 0.81625,
            "macro_precision": 0.8358384381019894,
            "macro_recall": 0.81625,
            "macro_f1": 0.8074960162778121,
            "roc_auc_ovr_macro": 0.9531557291666666,
            "ece": 0.06342867316678166,
            "per_class_f1": {
              "glioma": 0.7604327666151468,
              "meningioma": 0.7098515519568152,
              "notumor": 0.8695652173913043,
              "pituitary": 0.8901345291479821
            },
            "acc_ci95": [
              0.7975,
              0.8356
            ]
          },
          "clean": {
            "accuracy": 0.7135325131810193,
            "macro_precision": 0.6836781609195403,
            "macro_recall": 0.7805217045001991,
            "macro_f1": 0.6453983972916059,
            "roc_auc_ovr_macro": 0.912126621232513,
            "ece": 0.12987644375941873,
            "per_class_f1": {
              "glioma": 0.6301369863013698,
              "meningioma": 0.6987179487179487,
              "notumor": 0.3888888888888889,
              "pituitary": 0.863849765258216
            },
            "acc_ci95": [
              0.6748,
              0.754
            ]
          }
        },
        {
          "seed": 2,
          "official": {
            "accuracy": 0.840625,
            "macro_precision": 0.8607103679958026,
            "macro_recall": 0.8406250000000001,
            "macro_f1": 0.8341175875050479,
            "roc_auc_ovr_macro": 0.9521348958333333,
            "ece": 0.03693139556795358,
            "per_class_f1": {
              "glioma": 0.7421383647798742,
              "meningioma": 0.7670250896057348,
              "notumor": 0.8864142538975501,
              "pituitary": 0.9408926417370326
            },
            "acc_ci95": [
              0.8225,
              0.8581
            ]
          },
          "clean": {
            "accuracy": 0.7346221441124781,
            "macro_precision": 0.701497466456462,
            "macro_recall": 0.7916326733799852,
            "macro_f1": 0.6625478989868312,
            "roc_auc_ovr_macro": 0.9089142003115651,
            "ece": 0.10773716864351233,
            "per_class_f1": {
              "glioma": 0.6013986013986014,
              "meningioma": 0.73224043715847,
              "notumor": 0.38461538461538464,
              "pituitary": 0.9319371727748691
            },
            "acc_ci95": [
              0.6995,
              0.7698
            ]
          }
        }
      ],
      "aggregate": {
        "official": {
          "accuracy": {
            "mean": 0.8331,
            "std": 0.012
          },
          "macro_f1": {
            "mean": 0.8258,
            "std": 0.0129
          },
          "roc_auc_ovr_macro": {
            "mean": 0.9535,
            "std": 0.0013
          },
          "ece": {
            "mean": 0.0468,
            "std": 0.0118
          }
        },
        "clean": {
          "accuracy": {
            "mean": 0.7323,
            "std": 0.0144
          },
          "macro_f1": {
            "mean": 0.6619,
            "std": 0.0133
          },
          "roc_auc_ovr_macro": {
            "mean": 0.913,
            "std": 0.0037
          },
          "ece": {
            "mean": 0.1134,
            "std": 0.0119
          }
        }
      }
    },
    "resnet50": {
      "runs": [
        {
          "seed": 0,
          "official": {
            "accuracy": 0.94375,
            "macro_precision": 0.9474821257112326,
            "macro_recall": 0.9437500000000001,
            "macro_f1": 0.9423401277565862,
            "roc_auc_ovr_macro": 0.9921713541666667,
            "ece": 0.03916891485452652,
            "per_class_f1": {
              "glioma": 0.8882758620689655,
              "meningioma": 0.941034897713598,
              "notumor": 0.95,
              "pituitary": 0.9900497512437811
            },
            "acc_ci95": [
              0.9319,
              0.9544
            ]
          },
          "clean": {
            "accuracy": 0.8681898066783831,
            "macro_precision": 0.7900571893345549,
            "macro_recall": 0.9049830744723218,
            "macro_f1": 0.8008885621619708,
            "roc_auc_ovr_macro": 0.9846039479707408,
            "ece": 0.09628827280654632,
            "per_class_f1": {
              "glioma": 0.7831325301204819,
              "meningioma": 0.8926553672316384,
              "notumor": 0.5384615384615384,
              "pituitary": 0.9893048128342246
            },
            "acc_ci95": [
              0.8401,
              0.8946
            ]
          }
        },
        {
          "seed": 1,
          "official": {
            "accuracy": 0.935,
            "macro_precision": 0.9399360961271752,
            "macro_recall": 0.935,
            "macro_f1": 0.9337357702425553,
            "roc_auc_ovr_macro": 0.9864109375,
            "ece": 0.04133215742185714,
            "per_class_f1": {
              "glioma": 0.8793342579750347,
              "meningioma": 0.9208972845336482,
              "notumor": 0.9447115384615384,
              "pituitary": 0.99
            },
            "acc_ci95": [
              0.9225,
              0.9463
            ]
          },
          "clean": {
            "accuracy": 0.8558875219683656,
            "macro_precision": 0.7825113330730056,
            "macro_recall": 0.8956576065312625,
            "macro_f1": 0.7899845006164644,
            "roc_auc_ovr_macro": 0.9827071559213649,
            "ece": 0.10108110968593131,
            "per_class_f1": {
              "glioma": 0.7720364741641338,
              "meningioma": 0.8698060941828255,
              "notumor": 0.5316455696202531,
              "pituitary": 0.986449864498645
            },
            "acc_ci95": [
              0.8295,
              0.884
            ]
          }
        },
        {
          "seed": 2,
          "official": {
            "accuracy": 0.94,
            "macro_precision": 0.9444641396430427,
            "macro_recall": 0.94,
            "macro_f1": 0.9386512741935585,
            "roc_auc_ovr_macro": 0.9862380208333335,
            "ece": 0.04271243937313555,
            "per_class_f1": {
              "glioma": 0.8836565096952909,
              "meningioma": 0.9322235434007135,
              "notumor": 0.9437125748502994,
              "pituitary": 0.9950124688279302
            },